<?xml version="1.0" standalone="no" ?>
<manifest identifier="Manifest-TablaPeriodica3ESO" version="1.0"
          xmlns="http://www.imsproject.org/xsd/imscp_rootv1p1p2"
          xmlns:adlcp="http://www.adlnet.org/xsd/adlcp_rootv1p2"
          xmlns:xsi="http://www.w3.org/2001/XMLSchema-instance"
          xsi:schemaLocation="http://www.imsproject.org/xsd/imscp_rootv1p1p2 imscp_rootv1p1p2.xsd
                              http://www.imsproject.org/xsd/imscp_rootv1p1p2 imsmd_rootv1p2p1.xsd
                              http://www.adlnet.org/xsd/adlcp_rootv1p2 adlcp_rootv1p2.xsd">

  <metadata>
    <schema>ADL SCORM</schema>
    <schemaversion>1.2</schemaversion>
  </metadata>

  <organizations default="Org-TablaPeriodica3ESO">
    <organization identifier="Org-TablaPeriodica3ESO">
      <title>Tabla Periódica - Entrenador 3º ESO</title>
      <item identifier="Item-TablaPeriodica3ESO" identifierref="Res-Index" isvisible="true">
        <title>Entrenador de Tabla Periódica (3º ESO)</title>
        <!-- Puntuación de corte para aprobar (opcional, ajustada al objetivo de tu JS) -->
        <adlcp:masteryscore>10</adlcp:masteryscore>
      </item>
    </organization>
  </organizations>

  <resources>
    <!-- Apunta al archivo HTML generado anteriormente -->
    <resource identifier="Res-Index" type="webcontent" href="index.html" adlcp:scormtype="sco">
      <file href="index.html"/>
    </resource>
  </resources>
</manifest>