<?xml version="1.0" standalone="no" ?>
<manifest identifier="Manifiesto_JuegoEnlacesQuimicos" version="1.0"
          xmlns="http://www.imsproject.org/xsd/imscp_rootv1p1p2"
          xmlns:adlcp="http://www.adlnet.org/xsd/adlcp_rootv1p2"
          xmlns:xsi="http://www.w3.org/2001/XMLSchema-instance"
          xsi:schemaLocation="http://www.imsproject.org/xsd/imscp_rootv1p1p2 imscp_rootv1p1p2.xsd
                              http://www.adlnet.org/xsd/adlcp_rootv1p2 adlcp_rootv1p2.xsd">

  <metadata>
    <schema>ADL SCORM</schema>
    <schemaversion>1.2</schemaversion>
  </metadata>

  <organizations default="Org_JuegoEnlaces">
    <organization identifier="Org_JuegoEnlaces">
      <title>Juego de Enlaces Químicos - 3º ESO</title>
      <item identifier="Item_JuegoEnlaces" identifierref="Res_Index">
        <title>Actividad Interactiva: Enlaces Químicos</title>
        <!-- Umbral de aprobado para el LMS (opcional, pero útil) -->
        <adlcp:masteryscore>5.0</adlcp:masteryscore>
      </item>
    </organization>
  </organizations>

  <resources>
    <resource identifier="Res_Index" type="webcontent" adlcp:scormType="sco" href="index.html">
      <file href="index.html" />
    </resource>
  </resources>
</manifest>