<?xml version="1.0" encoding="UTF-8"?>
<manifest identifier="com.juego.enlacesquimicos" version="1.0"
          xmlns="http://www.imsproject.org/xsd/imscp_rootv1p1p2"
          xmlns:adlcp="http://www.adlnet.org/xsd/adlcp_rootv1p2"
          xmlns:xsi="http://www.w3.org/2001/XMLSchema-instance"
          xsi:schemaLocation="http://www.imsproject.org/xsd/imscp_rootv1p1p2 imscp_rootv1p1p2.xsd
                              http://www.adlnet.org/xsd/adlcp_rootv1p2 adlcp_rootv1p2.xsd">

  <metadata>
    <schema>ADL SCORM</schema>
    <schemaversion>1.2</schemaversion>
  </metadata>

  <organizations default="org_default">
    <organization identifier="org_default">
      <title>Juego de Enlaces Químicos</title>
      <item identifier="item_1" identifierref="resource_1">
        <title>Actividad: Lab de Enlaces</title>
      </item>
    </organization>
  </organizations>

  <resources>
    <!-- 
      adlcp:scormtype="sco" indica al LMS que este recurso se comunica 
      usando la API SCORM (LMSInitialize, LMSSetValue, etc.)
    -->
    <resource identifier="resource_1" type="webcontent" adlcp:scormtype="sco" href="index.html">
      <file href="index.html"/>
    </resource>
  </resources>
</manifest>